{"Ambassador": 1.35, "Audi": 25.537711864406777, "BMW": 25.24314606741573, "Bentley": 59.0, "Chevrolet": 3.044462809917355, "Datsun": 3.0492307692307694, "Fiat": 3.2692857142857146, "Force": 9.333333333333334, "Ford": 6.8894, "Honda": 5.411743421052631, "Hyundai": 5.343432700993677, "ISUZU": 12.045, "Isuzu": 20.0, "Jaguar": 37.63225, "Jeep": 18.718666666666664, "Lamborghini": 120.0, "Land": 39.2595, "Mahindra": 8.045919117647058, "Maruti": 4.517266721717589, "Mercedes-Benz": 26.80987421383648, "Mini": 26.89692307692308, "Mitsubishi": 11.058888888888887, "Nissan": 4.738351648351649, "Porsche": 48.34833333333333, "Renault": 5.79903448275862, "Skoda": 7.559075144508671, "Smart": 3.0, "Tata": 3.5628494623655915, "Toyota": 11.580024330900244, "Volkswagen": 5.307269841269841, "Volvo": 18.802857142857142}